"id"|"Brand"|"Tahun Rilis"|"Nama Produk"|"Jaringan"|"Material"|"SIM Slots"|"Technology"|"Ukuran Layar"|"Screen Resolution"|"OS Version & Version Detail"|"Prosesor"|"GPU"|"RAM (GB)"|"Memori Internal (GB)"|"NFC"|"USB"|"Kapasitas Baterai"|"Daya Fast Charging"|"Waterproof"|"Sensor"|"3.5mm Jack"|"Resolusi Kamera Belakang"|"Resolusi Kamera Utama Lainnya"|"Dual Kamera Belakang"|"Jumlah Kamera Belakang"|"Resolusi Kamera Depan"|"Dual Kamera Depan"|"Flash"|"Dual Flash"|"Video"|"Harga"
"4"|"Vivo"|"Android 2024"|"X200"|"3G, 4G, 5G"|"Glass front, aluminum alloy frame, glass back"|"2"|"AMOLED"|"6.67"|"2800 x 1260"|"Android 15, OriginOS 5"|"MediaTek, Dimensity 9400, Octa"|"Immortalis-G925"|"12 GB"|"512 GB"|"True"|"Type-C, USB OTG"|"5800"|"90 W"|"True"|"Fingerprint, Accelerometer, Gyroscope, Proximity, Compass"|"No"|"50"|"50, 50"|"True"|"3"|"32"|"No"|"True"|"No"|"4K, 1080p, gyro-EIS"|"Rp 14.999.000"
"5"|"Vivo"|"Android 2024"|"X200 Pro Mini"|"3G, 4G, 5G"|"Glass front, aluminum alloy frame"|"2"|"LTPO AMOLED"|"6.3"|"2640 x 1216"|"Android 15, OriginOS 5"|"MediaTek, Dimensity 9400, Octa"|"Immortalis-G925"|"12 GB"|"256 GB"|"True"|"Type-C, USB OTG"|"5700"|"90 W"|"True"|"Fingerprint, Accelerometer, Gyroscope, Proximity, Compass"|"No"|"50"|"50, 50"|"True"|"3"|"32"|"No"|"True"|"No"|"4K@30/60fps, 1080p@30/60/120fps, gyro-EIS, HDR"|"Rp 15.299.000"
"6"|"Vivo"|"Android 2024"|"X200"|"3G, 4G, 5G"|"Glass front, aluminum alloy frame, glass back"|"2"|"AMOLED"|"6.67"|"2800 x 1260"|"Android 15, OriginOS 5"|"MediaTek, Dimensity 9400, Octa"|"Immortalis-G925"|"16 GB"|"1024 GB"|"True"|"Type-C, USB OTG"|"5800"|"90 W"|"True"|"Fingerprint, Accelerometer, Gyroscope, Proximity, Compass"|"No"|"50"|"50, 50"|"True"|"3"|"32"|"No"|"True"|"No"|"4K, 1080p, gyro-EIS"|"Rp 16.999.000"
"7"|"Vivo"|"Android 2024"|"X200"|"3G, 4G, 5G"|"Glass front, aluminum alloy frame, glass back"|"2"|"AMOLED"|"6.67"|"2800 x 1260"|"Android 15, OriginOS 5"|"MediaTek, Dimensity 9400, Octa"|"Immortalis-G925"|"12 GB"|"256 GB"|"True"|"Type-C, USB OTG"|"5800"|"90 W"|"True"|"Fingerprint, Accelerometer, Gyroscope, Proximity, Compass"|"No"|"50"|"50, 50"|"True"|"3"|"32"|"No"|"True"|"No"|"4K, 1080p, gyro-EIS"|"Rp 13.999.000"
"8"|"Vivo"|"Android 2024"|"X200"|"3G, 4G, 5G"|"Glass front, aluminum alloy frame, glass back"|"2"|"AMOLED"|"6.67"|"2800 x 1260"|"Android 15, OriginOS 5"|"MediaTek, Dimensity 9400, Octa"|"Immortalis-G925"|"16 GB"|"512 GB"|"True"|"Type-C, USB OTG"|"5800"|"90 W"|"No"|"Fingerprint, Accelerometer, Gyroscope, Proximity, Compass"|"No"|"50"|"50, 50"|"True"|"3"|"32"|"No"|"True"|"No"|"4K, 1080p, gyro-EIS"|"Rp 15.999.000"
"9"|"Vivo"|"Android 2024"|"X200 Pro"|"3G, 4G, 5G"|"Glass front, aluminum frame, glass back"|"2"|"LTPO AMOLED"|"6.68"|"2800 x 1260"|"Android 15, OriginOS 5"|"MediaTek, Dimensity 9400, Octa"|"Immortalis-G925"|"16 GB"|"1024 GB"|"True"|"Type-C, USB OTG"|"6000"|"90 W"|"True"|"Fingerprint, Accelerometer, Gyroscope, Proximity, Compass"|"No"|"50"|"200, 50"|"True"|"3"|"32"|"No"|"True"|"No"|"8K@30fps, 4K@30/60/120fps, 1080p, gyro-EIS, 10-bit HDR"|"Rp 20.199.000"
"10"|"Vivo"|"Android 2024"|"X200 Pro"|"3G, 4G, 5G"|"Glass front, aluminum frame, glass back"|"2"|"LTPO AMOLED"|"6.68"|"2800 x 1260"|"Android 15, OriginOS 5"|"MediaTek, Dimensity 9400, Octa"|"Immortalis-G925"|"12 GB"|"256 GB"|"True"|"Type-C, USB OTG"|"6000"|"90 W"|"True"|"Fingerprint, Accelerometer, Gyroscope, Proximity, Compass"|"No"|"50"|"200, 50"|"True"|"3"|"32"|"No"|"True"|"No"|"8K@30fps, 4K@30/60/120fps, 1080p, gyro-EIS, 10-bit HDR"|"Rp 17.199.000"
"11"|"Vivo"|"Android 2024"|"X200 Pro Mini"|"3G, 4G, 5G"|"Glass front, aluminum alloy frame"|"2"|"LTPO AMOLED"|"6.3"|"2640 x 1216"|"Android 15, OriginOS 5"|"MediaTek, Dimensity 9400, Octa"|"Immortalis-G925"|"16 GB"|"1024 GB"|"True"|"Type-C, USB OTG"|"5700"|"90 W"|"True"|"Fingerprint, Accelerometer, Gyroscope, Proximity, Compass"|"No"|"50"|"50, 50"|"True"|"3"|"32"|"No"|"True"|"No"|"4K@30/60fps, 1080p@30/60/120fps, gyro-EIS, HDR"|"Rp 18.299.000"
"12"|"Vivo"|"Android 2024"|"X200 Pro Mini"|"3G, 4G, 5G"|"Glass front, aluminum alloy frame"|"2"|"LTPO AMOLED"|"6.3"|"2640 x 1216"|"Android 15, OriginOS 5"|"MediaTek, Dimensity 9400, Octa"|"Immortalis-G925"|"16 GB"|"512 GB"|"True"|"Type-C, USB OTG"|"5700"|"90 W"|"True"|"Fingerprint, Accelerometer, Gyroscope, Proximity, Compass"|"No"|"50"|"50, 50"|"True"|"3"|"32"|"No"|"True"|"No"|"4K@30/60fps, 1080p@30/60/120fps, gyro-EIS, HDR"|"Rp 16.899.000"
"13"|"Vivo"|"Android 2024"|"X200 Pro"|"3G, 4G, 5G"|"Glass front, aluminum frame, glass back"|"2"|"LTPO AMOLED"|"6.68"|"2800 x 1260"|"Android 15, OriginOS 5"|"MediaTek, Dimensity 9400, Octa"|"Immortalis-G925"|"16 GB"|"512 GB"|"True"|"Type-C, USB OTG"|"6000"|"90 W"|"True"|"Fingerprint, Accelerometer, Gyroscope, Proximity, Compass"|"No"|"50"|"200, 50"|"True"|"3"|"32"|"No"|"True"|"No"|"8K@30fps, 4K@30/60/120fps, 1080p, gyro-EIS, 10-bit HDR"|"Rp 18.899.000"
"18"|"Vivo"|"Android 2024"|"V40"|"3G, 4G, 5G"|"Glass front, plastic frame, glass back"|"2"|"AMOLED"|"6.78"|"2800 x 1260"|"Android 14, Funtouch 14"|"Qualcomm, Snapdragon 7 Gen 3, Octa"|"Adreno 720"|"8 GB"|"256 GB"|"True"|"Type-C, USB OTG"|"5500"|"80 W"|"True"|"Fingerprint, Accelerometer, Gyroscope, Proximity, Compass"|"No"|"50"|"50"|"True"|"2"|"50"|"No"|"True"|"No"|"4K@30fps, 1080p@30fps, gyro-EIS, OIS"|"Rp 6.496.000"
"19"|"Vivo"|"Android 2024"|"V40"|"3G, 4G, 5G"|"Glass front, plastic frame, glass back"|"2"|"AMOLED"|"6.78"|"2800 x 1260"|"Android 14, Funtouch 14"|"Qualcomm, Snapdragon 7 Gen 3, Octa"|"Adreno 720"|"12 GB"|"512 GB"|"True"|"Type-C, USB OTG"|"5500"|"80 W"|"True"|"Fingerprint, Accelerometer, Gyroscope, Proximity, Compass"|"No"|"50"|"50"|"True"|"2"|"50"|"No"|"True"|"No"|"4K@30fps, 1080p@30fps, gyro-EIS, OIS"|"Rp 7.949.000"
"20"|"Vivo"|"Android 2024"|"Y03T"|"3G, 4G"|"Glass front, plastic frame, plastic back"|"2"|"IPS LCD"|"6.56"|"1612 x 720"|"Android 14, Funtouch 14"|"Unisoc, T612, Octa"|"Mali-G57 MP1"|"4 GB"|"32 GB"|"No"|"Type-C, USB OTG"|"5000"|"15 W"|"True"|"Accelerometer, Proximity"|"True"|"13"|"0.08"|"True"|"2"|"5"|"No"|"True"|"No"|"1080p@30fps"|"Rp 1.190.000"
"21"|"Vivo"|"Android 2024"|"Y03T"|"3G, 4G"|"Glass front, plastic frame, plastic back"|"2"|"IPS LCD"|"6.56"|"1612 x 720"|"Android 14, Funtouch 14"|"Unisoc, T612, Octa"|"Mali-G57 MP1"|"4 GB"|"64 GB"|"No"|"Type-C, USB OTG"|"5000"|"15 W"|"True"|"Accelerometer, Proximity"|"True"|"13"|"0.08"|"True"|"2"|"5"|"No"|"True"|"No"|"1080p@30fps"|"Rp 1.229.000"
"22"|"Vivo"|"Android 2024"|"V40"|"3G, 4G, 5G"|"Glass front, plastic frame, glass back"|"2"|"AMOLED"|"6.78"|"2800 x 1260"|"Android 14, Funtouch 14"|"Qualcomm, Snapdragon 7 Gen 3, Octa"|"Adreno 720"|"12 GB"|"256 GB"|"True"|"Type-C, USB OTG"|"5500"|"80 W"|"True"|"Fingerprint, Accelerometer, Gyroscope, Proximity, Compass"|"No"|"50"|"50"|"True"|"2"|"50"|"No"|"True"|"No"|"4K@30fps, 1080p@30fps, gyro-EIS, OIS"|"Rp 5.749.000"
"23"|"Vivo"|"Android 2024"|"X Fold3 Pro"|"3G, 4G, 5G"|"Carbon fiber hinge"|"2"|"Foldable LTPO AMOLED"|"8.03"|"2480 x 2200"|"Android 14, Funtouch 14"|"Qualcomm, Snapdragon 8 Gen 3, Octa"|"Adreno 750"|"16 GB"|"512 GB"|"True"|"Type-C, USB OTG"|"5700"|"100 W"|"True"|"Fingerprint, Accelerometer, Gyroscope, Proximity, Compass, Barometer"|"No"|"50"|"64"|"True"|"3"|"32"|"No"|"True"|"No"|"8K@30fps, 4K@30/60fps, 1080p@30/60fps, gyro-EIS, Cinematic mode (4K)"|"Rp 25.049.000"
"24"|"Vivo"|"Android 2024"|"X100 5G"|"3G, 4G, 5G"|"Glass front, glass back"|"2"|"AMOLED"|"6.78"|"2800 x 1260"|"Android 14, Funtouch OS 14"|"MediaTek, Dimensity 9300, Octa"|"Immortalis-G720 MC12"|"12 GB"|"256 GB"|"True"|"Type-C, USB OTG"|"5000"|"120 W"|"True"|"Fingerprint, Accelerometer, Gyroscope, Proximity, Compass"|"No"|"50"|"64, 50"|"True"|"3"|"32"|"No"|"True"|"No"|"4K, 1080p, gyro-EIS, Cinematic mode (1080p)"|"Rp 10.925.000"
"25"|"Vivo"|"Android 2024"|"X100 Pro"|"3G, 4G, 5G"|"Glass front, aluminum frame, glass back"|"2"|"AMOLED"|"6.78"|"2800 x 1260"|"Android 14, Funtouch 14"|"MediaTek, Dimensity 9300, Octa"|"Immortalis-G720 MC12"|"16 GB"|"512 GB"|"True"|"Type-C, USB OTG"|"5400"|"100 W"|"True"|"Fingerprint, Accelerometer, Gyroscope, Proximity, Compass"|"No"|"50"|"50, 50"|"True"|"3"|"32"|"No"|"True"|"No"|"8K@30fps, 4K@30/60fps, 1080p, gyro-EIS, Cinematic mode (4K)"|"Rp 16.500.000"
"26"|"Vivo"|"Android 2024"|"Y18"|"3G, 4G"|"Glass front, plastic frame, plastic back"|"2"|"IPS LCD"|"6.56"|"1612 x 720"|"Android 14, Funtouch 14"|"MediaTek, Helio G85, Octa"|"Mali-G52 MC2"|"6 GB"|"128 GB"|"True"|"Type-C, USB OTG"|"5000"|"15 W"|"True"|"Fingerprint, Accelerometer, Proximity, Compass"|"True"|"50"|"0.08"|"No"|"2"|"8"|"No"|"True"|"No"|"1080p@30fps"|"Rp 1.499.000"
"27"|"Vivo"|"Android 2024"|"Y18"|"3G, 4G"|"Glass front, plastic frame, plastic back"|"2"|"IPS LCD"|"6.56"|"1612 x 720"|"Android 14, Funtouch 14"|"MediaTek, Helio G85, Octa"|"Mali-G52 MC2"|"4 GB"|"64 GB"|"True"|"Type-C, USB OTG"|"5000"|"15 W"|"True"|"Fingerprint, Accelerometer, Proximity, Compass"|"True"|"50"|"0.08"|"No"|"2"|"8"|"No"|"True"|"No"|"1080p@30fps"|"Rp 1.295.000"
"28"|"Vivo"|"Android 2024"|"Y18"|"3G, 4G"|"Glass front, plastic frame, plastic back"|"2"|"IPS LCD"|"6.56"|"1612 x 720"|"Android 14, Funtouch 14"|"MediaTek, Helio G85, Octa"|"Mali-G52 MC2"|"4 GB"|"128 GB"|"True"|"Type-C, USB OTG"|"5000"|"15 W"|"True"|"Fingerprint, Accelerometer, Proximity, Compass"|"True"|"50"|"0.08"|"No"|"2"|"8"|"No"|"True"|"No"|"1080p@30fps"|"Rp 1.449.000"
"29"|"Vivo"|"Android 2024"|"V30e"|"3G, 4G, 5G"|"Glass front, plastic frame"|"2"|"AMOLED"|"6.78"|"2400 x 1080"|"Android 14, Funtouch 14"|"Qualcomm, Snapdragon 6 Gen 1, Octa"|"Adreno 710"|"8 GB"|"256 GB"|"No"|"Type-C, USB OTG"|"5500"|"44 W"|"True"|"Fingerprint, Accelerometer, Gyroscope, Proximity, Compass"|"No"|"50"|"8"|"True"|"2"|"50"|"No"|"True"|"No"|"4K@30fps, 1080p@30fps"|"Rp 3.640.000"
"30"|"Vivo"|"Android 2024"|"V30e"|"3G, 4G, 5G"|"Glass front, plastic frame"|"2"|"AMOLED"|"6.78"|"2400 x 1080"|"Android 14, Funtouch 14"|"Qualcomm, Snapdragon 6 Gen 1, Octa"|"Adreno 710"|"8 GB"|"128 GB"|"No"|"Type-C, USB OTG"|"5500"|"44 W"|"True"|"Fingerprint, Accelerometer, Gyroscope, Proximity, Compass"|"No"|"50"|"8"|"True"|"2"|"50"|"No"|"True"|"No"|"4K@30fps, 1080p@30fps"|"Rp 3.590.000"
"35"|"Vivo"|"Android 2024"|"V30"|"3G, 4G, 5G"|"Glass front, plastic frame, glass back"|"2"|"AMOLED"|"6.78"|"2800 x 1260"|"Android 14, Funtouch 14"|"Qualcomm, Snapdragon 7 Gen 3, Octa"|"Adreno 720"|"8 GB"|"256 GB"|"True"|"Type-C, USB OTG"|"5000"|"80 W"|"True"|"Fingerprint, Accelerometer, Gyroscope, Proximity, Compass"|"No"|"50"|"50, 2"|"True"|"3"|"50"|"No"|"True"|"True"|"4K@30fps, 1080p@30fps, gyro-EIS"|"Rp 4.689.000"
"36"|"Vivo"|"Android 2024"|"V30"|"3G, 4G, 5G"|"Glass front, plastic frame, glass back"|"2"|"AMOLED"|"6.78"|"2800 x 1260"|"Android 14, Funtouch 14"|"Qualcomm, Snapdragon 7 Gen 3, Octa"|"Adreno 720"|"12 GB"|"512 GB"|"True"|"Type-C, USB OTG"|"5000"|"80 W"|"True"|"Fingerprint, Accelerometer, Gyroscope, Proximity, Compass"|"No"|"50"|"50, 2"|"True"|"3"|"50"|"No"|"True"|"True"|"4K@30fps, 1080p@30fps, gyro-EIS"|"Rp 5.809.170"
"37"|"Vivo"|"Android 2024"|"V30 Pro"|"3G, 4G, 5G"|"Glass front (Schott α), glass back, plastic frame"|"2"|"AMOLED"|"6.78"|"2800 x 1260"|"Android 14, Funtouch 14"|"MediaTek, Dimensity 8200, Octa"|"Mali-G610 MC6"|"12 GB"|"512 GB"|"True"|"Type-C, USB OTG"|"5000"|"80 W"|"True"|"Fingerprint, Accelerometer, Gyroscope, Proximity, Compass"|"No"|"50"|"50, 50"|"True"|"3"|"50"|"No"|"True"|"True"|"4K@30fps, 1080p@30fps"|"Rp 6.999.000"
"38"|"Vivo"|"Android 2024"|"Y100 5G"|"3G, 4G, 5G"|"Glass front, glass back"|"2"|"AMOLED"|"6.67"|"2400 x 1080"|"Android 14, Funtouch 14"|"Qualcomm, Snapdragon 4 Gen 2, Octa"|"Adreno 613"|"8 GB"|"128 GB"|"True"|"Type-C, USB OTG"|"5000"|"80 W"|"True"|"Fingerprint, Accelerometer, Gyroscope, Proximity, Compass"|"True"|"50"|"8, 2"|"True"|"3"|"8"|"No"|"True"|"No"|"4K@30fps, 1080p@30fps"|"Rp 2.950.000"
"39"|"Vivo"|"Android 2024"|"Y100 5G"|"3G, 4G, 5G"|"Glass front, glass back"|"2"|"AMOLED"|"6.67"|"2400 x 1080"|"Android 14, Funtouch 14"|"Qualcomm, Snapdragon 4 Gen 2, Octa"|"Adreno 613"|"8 GB"|"256 GB"|"True"|"Type-C, USB OTG"|"5000"|"80 W"|"True"|"Fingerprint, Accelerometer, Gyroscope, Proximity, Compass"|"True"|"50"|"8, 2"|"True"|"3"|"8"|"No"|"True"|"No"|"4K@30fps, 1080p@30fps"|"Rp 3.149.000"
"40"|"Vivo"|"Android 2024"|"Y28"|"3G, 4G, 5G"|"Glass front, plastic frame, plastic back"|"2"|"IPS LCD"|"6.68"|"1612 x 720"|"Android 14, Funtouch OS 14"|"MediaTek, Helio G85, Octa"|"Mali-G52 MC2"|"6 GB"|"128 GB"|"True"|"Type-C, USB OTG"|"6000"|"15 W"|"True"|"Fingerprint, Accelerometer, Proximity, Compass"|"True"|"50"|"2"|"True"|"2"|"8"|"True"|"True"|"No"|"1080p@30fps"|"Rp 1.969.000"
"41"|"OPPO"|"Android 2024"|"Find X8"|"3G, 4G, 5G"|"Glass front (Gorilla Glass Victus 2), glass back, aluminum frame"|"2"|"AMOLED"|"6.59"|"2760 x 1256"|"Android 15, ColorOS 15"|"MediaTek, Dimensity 9400, Octa"|"Immortalis-G925"|"12 GB"|"256 GB"|"True"|"Type-C, USB OTG"|"5630"|"80 W"|"True"|"Color spectrum, Fingerprint, Accelerometer, Gyroscope, Proximity, Compass"|"No"|"50"|"50, 50"|"True"|"3"|"32"|"No"|"True"|"No"|"4K@30/60fps, 1080p@30/60/240fps; gyro-EIS; HDR, 10‑bit video, Dolby Vision"|"Rp 13.950.000"
"42"|"OPPO"|"Android 2024"|"Find X8 Pro"|"3G, 4G, 5G"|"Glass front (Gorilla Glass Victus 2), glass back, aluminum frame"|"2"|"LTPO AMOLED"|"6.78"|"2780 x 1264"|"Android 15, ColorOS 15"|"MediaTek, Dimensity 9400, Octa"|"Immortalis-G925"|"16 GB"|"512 GB"|"True"|"Type-C, USB OTG"|"5910"|"80 W"|"True"|"Fingerprint, Accelerometer, Gyroscope, Proximity, Compass, Color spectrum"|"No"|"50"|"50, 50, 50"|"True"|"4"|"32"|"No"|"True"|"No"|"4K@30/60fps, 1080p@30/60/240fps; gyro-EIS; HDR, 10‑bit video, Dolby Vision"|"Rp 17.349.000"
"43"|"OPPO"|"Android 2024"|"Find X8"|"3G, 4G, 5G"|"Glass front (Gorilla Glass Victus 2), glass back, aluminum frame"|"2"|"AMOLED"|"6.59"|"2760 x 1256"|"Android 15, ColorOS 15"|"MediaTek, Dimensity 9400, Octa"|"Immortalis-G925"|"16 GB"|"512 GB"|"True"|"Type-C, USB OTG"|"5630"|"80 W"|"True"|"Fingerprint, Accelerometer, Gyroscope, Proximity, Compass, Color spectrum"|"No"|"50"|"50, 50"|"True"|"3"|"32"|"No"|"True"|"No"|"4K@30/60fps, 1080p@30/60/240fps; gyro-EIS; HDR, 10‑bit video, Dolby Vision"|"Rp 15.839.010"
"49"|"OPPO"|"Android 2024"|"Reno12 5G"|"3G, 4G, 5G"|"Glass front (Gorilla Glass 7i), plastic frame, plastic back"|"2"|"AMOLED"|"6.7"|"2412 x 1080"|"Android 14, ColorOS 14.1"|"MediaTek, Dimensity 7300-Energy, Octa"|"Arm Mali-G615"|"12 GB"|"512 GB"|"True"|"Type-C, USB OTG"|"5000"|"80 W"|"True"|"Fingerprint, Accelerometer, Gyroscope, Proximity, Compass"|"No"|"50"|"8, 2"|"True"|"3"|"32"|"No"|"True"|"No"|"4K@30fps, 1080p@30/60/120/480fps, 720p@960fps, gyro-EIS, OIS, HDR"|"Rp 7.499.000"
"50"|"OPPO"|"Android 2024"|"Reno12 Pro"|"3G, 4G, 5G"|"Glass front (Gorilla Glass Victus 2), plastic frame, plastic back"|"2"|"AMOLED"|"6.7"|"2412 x 1080"|"Android 14, ColorOS 14.1"|"MediaTek, Dimensity 7300-Energy, Octa"|"Arm Mali-G615"|"12 GB"|"512 GB"|"True"|"Type-C, USB OTG"|"5000"|"80 W"|"True"|"Fingerprint, Accelerometer, Gyroscope, Proximity, Compass"|"No"|"50"|"50, 8"|"True"|"3"|"50"|"No"|"True"|"No"|"4K@30fps, 1080p@30/60/120/480fps, 720p@960fps, gyro-EIS, OIS, HDR"|"Rp 8.065.000"
"51"|"OPPO"|"Android 2024"|"Reno12 5G"|"3G, 4G, 5G"|"Glass front (Gorilla Glass 7i), plastic frame, plastic back"|"2"|"AMOLED"|"6.7"|"2412 x 1080"|"Android 14, ColorOS 14.1"|"MediaTek, Dimensity 7300 Energy, Octa"|"Arm Mali-G615"|"12 GB"|"256 GB"|"True"|"Type-C, USB OTG"|"5000"|"80 W"|"True"|"Fingerprint, Accelerometer, Gyroscope, Proximity, Compass"|"No"|"50"|"8, 2"|"True"|"3"|"32"|"No"|"True"|"No"|"4K@30fps, 1080p@30/60/120/480fps, 720p@960fps, gyro-EIS, OIS, HDR"|"Rp 6.150.000"
"61"|"Samsung"|"Android 2024"|"Galaxy A16"|"3G, 4G"|"Glass front, plastic back, plastic frame"|"2"|"Super AMOLED"|"6.7"|"2340 x 1080"|"Android 14, One UI 6.1"|"MediaTek, Helio G99, Octa"|"Mali-G57 MC2"|"8 GB"|"128 GB"|"True"|"Type-C"|"5000"|"25 W"|"True"|"Fingerprint, Accelerometer, Gyroscope, Proximity, Compass"|"No"|"50"|"5, 2"|"True"|"3"|"13"|"No"|"True"|"No"|"1080p@30fps"|"Rp 2.819.000"
"62"|"Samsung"|"Android 2024"|"Galaxy A16"|"3G, 4G"|"Glass front, plastic back, plastic frame"|"2"|"Super AMOLED"|"6.7"|"2340 x 1080"|"Android 14, One UI 6.1"|"MediaTek, Helio G99, Octa"|"Mali-G57 MC2"|"8 GB"|"256 GB"|"True"|"Type-C"|"5000"|"25 W"|"True"|"Fingerprint, Accelerometer, Gyroscope, Proximity, Compass"|"No"|"50"|"5, 2"|"True"|"3"|"13"|"No"|"True"|"No"|"1080p@30fps"|"Rp 3.219.000"
"63"|"Samsung"|"Android 2024"|"Galaxy A16 5G"|"3G, 4G, 5G"|"Glass front, plastic back, plastic frame"|"2"|"Super AMOLED"|"6.7"|"2340 x 1080"|"Android 14, One UI 6.1"|"MediaTek, Dimensity 6300, Octa"|"Mali-G57 MC2"|"8 GB"|"256 GB"|"True"|"Type-C"|"5000"|"25 W"|"True"|"Fingerprint, Accelerometer, Gyroscope, Proximity, Compass"|"No"|"50"|"5, 2"|"True"|"3"|"13"|"No"|"True"|"No"|"1080p@30fps, gyro-EIS"|"Rp 3.425.000"
"64"|"Samsung"|"Android 2024"|"Galaxy S24 FE"|"3G, 4G, 5G"|"Glass front (Gorilla Glass Victus+), glass back (Gorilla Glass 5), aluminum frame"|"2"|"Dynamic AMOLED 2X"|"6.7"|"2340 x 1080"|"Android 14, One UI 6.1"|"Exynos, 2400e, Deca"|"Xclipse 940"|"8 GB"|"128 GB"|"True"|"Type-C, USB OTG"|"4700"|"25 W"|"True"|"Fingerprint, Accelerometer, Gyroscope, Proximity, Compass"|"No"|"50"|"8, 12"|"True"|"3"|"10"|"No"|"True"|"No"|"8K@24fps, 4K@30/60fps, 1080p@30/60/120/240fps, 720p@960fps"|"Rp 7.199.000"
"65"|"Samsung"|"Android 2024"|"Galaxy S24 FE"|"3G, 4G, 5G"|"Glass front (Gorilla Glass Victus+), glass back (Gorilla Glass 5), aluminum frame"|"2"|"Dynamic AMOLED 2X"|"6.7"|"2340 x 1080"|"Android 14, One UI 6.1"|"Exynos, 2400e, Deca"|"Xclipse 940"|"8 GB"|"256 GB"|"True"|"Type-C, USB OTG"|"4700"|"25 W"|"True"|"Fingerprint, Accelerometer, Gyroscope, Proximity, Compass"|"No"|"50"|"8, 12"|"True"|"3"|"10"|"No"|"True"|"No"|"8K@24fps, 4K@30/60fps, 1080p@30/60/120/240fps, 720p@960fps"|"Rp 8.735.000"
"66"|"Samsung"|"Android 2024"|"Galaxy A06"|"3G, 4G"|"Glass front, plastic back, plastic frame"|"2"|"PLS LCD"|"6.7"|"1600 x 720"|"Android 14, None"|"MediaTek, Helio G85, Octa"|"Mali-G52 MC2"|"4 GB"|"64 GB"|"No"|"Type-C"|"5000"|"25 W"|"No"|"Fingerprint, Accelerometer, Proximity, Compass"|"True"|"50"|"2"|"True"|"2"|"8"|"No"|"True"|"No"|"1080p@30/60fps"|"Rp 1.253.900"
"67"|"Samsung"|"Android 2024"|"Galaxy A06"|"3G, 4G"|"Glass front, plastic back, plastic frame"|"2"|"PLS LCD"|"6.7"|"1600 x 720"|"Android 14, None"|"MediaTek, Helio G85, Octa"|"Mali-G52 MC2"|"4 GB"|"128 GB"|"No"|"Type-C"|"5000"|"25 W"|"No"|"Fingerprint, Accelerometer, Proximity, Compass"|"True"|"50"|"2"|"True"|"2"|"8"|"No"|"True"|"No"|"1080p@30/60fps"|"Rp 1.349.000"
"68"|"Samsung"|"Android 2024"|"Galaxy Z Fold6"|"3G, 4G, 5G"|"Glass front (Gorilla Glass Victus 2) (folded), plastic front (unfolded), glass back (Gorilla Glass Victus 2), aluminum frame"|"2"|"AMOLED 2X"|"7.6"|"2160 x 1856"|"Android 14, One UI 6.1.1"|"Qualcomm, Snapdragon 8 Gen 3, Octa"|"Adreno 750"|"12 GB"|"512 GB"|"True"|"Type-C, USB OTG"|"4400"|"25 W"|"True"|"Fingerprint, Accelerometer, Gyroscope, Proximity, Compass, Barometer"|"No"|"50"|"10, 12"|"True"|"3"|"10"|"No"|"True"|"No"|"8K@30fps, 4K@60fps, 1080p@60/120/240fps (gyro-EIS), 720p@960fps (gyro-EIS), HDR10+"|"Rp 22.960.000"
"69"|"Samsung"|"Android 2024"|"Galaxy Z Fold6"|"3G, 4G, 5G"|"Glass front (Gorilla Glass Victus 2) (folded), plastic front (unfolded), glass back (Gorilla Glass Victus 2), aluminum frame"|"2"|"AMOLED 2X"|"7.6"|"2160 x 1856"|"Android 14, One UI 6.1.1"|"Qualcomm, Snapdragon 8 Gen 3, Octa"|"Adreno 750"|"12 GB"|"256 GB"|"True"|"Type-C, USB OTG"|"4400"|"25 W"|"True"|"Fingerprint, Accelerometer, Gyroscope, Proximity, Compass, Barometer"|"No"|"50"|"10, 12"|"True"|"3"|"10"|"No"|"True"|"No"|"8K@30fps, 4K@60fps, 1080p@60/120/240fps (gyro-EIS), 720p@960fps (gyro-EIS), HDR10+"|"Rp 21.006.000"
"70"|"Samsung"|"Android 2024"|"Galaxy Z Fold6"|"3G, 4G, 5G"|"Glass front (Gorilla Glass Victus 2) (folded), plastic front (unfolded), glass back (Gorilla Glass Victus 2), aluminum frame"|"2"|"AMOLED 2X"|"7.6"|"2160 x 1856"|"Android 14, One UI 6.1.1"|"Qualcomm, Snapdragon 8 Gen 3, Octa"|"Adreno 750"|"12 GB"|"1024 GB"|"True"|"Type-C, USB OTG"|"4400"|"25 W"|"True"|"Fingerprint, Accelerometer, Gyroscope, Proximity, Compass, Barometer"|"No"|"50"|"10, 12"|"True"|"3"|"10"|"No"|"True"|"No"|"8K@30fps, 4K@60fps, 1080p@60/120/240fps (gyro-EIS), 720p@960fps (gyro-EIS), HDR10+"|"Rp 25.511.000"
"73"|"Samsung"|"Android 2024"|"Galaxy M15 5G"|"3G, 4G, 5G"|"Glass front, plastic back, plastic frame"|"2"|"Super AMOLED"|"6.5"|"2340 x 1080"|"Android 14, One UI 6"|"MediaTek, Dimensity 6100 Plus, Octa"|"Mali-G57 MC2"|"6 GB"|"128 GB"|"True"|"Type-C"|"6000"|"25 W"|"No"|"Fingerprint, Accelerometer, Gyroscope, Compass"|"True"|"50"|"5, 2"|"True"|"3"|"13"|"No"|"True"|"No"|"1080p@30fps, gyro-EIS"|"Rp 2.350.000"
"75"|"Samsung"|"Android 2024"|"Galaxy A55"|"3G, 4G, 5G"|"Glass front, glass back, aluminum frame"|"2"|"Super AMOLED"|"6.6"|"2340 x 1080"|"Android 14, One UI 6"|"Exynos, 1480, Octa"|"Xclipse 530"|"8 GB"|"256 GB"|"True"|"Type-C, USB OTG"|"5000"|"25 W"|"True"|"Proximity, Fingerprint, Accelerometer, Gyroscope, Compass"|"No"|"50"|"12, 5"|"True"|"3"|"32"|"No"|"True"|"No"|"4K@30fps, 1080p@30/60fps, 720p@480fps"|"Rp 5.296.000"
"76"|"Samsung"|"Android 2024"|"Galaxy A55"|"3G, 4G, 5G"|"Glass front, glass back, aluminum frame"|"2"|"Super AMOLED"|"6.6"|"2340 x 1080"|"Android 14, One UI 6"|"Exynos, 1480, Octa"|"Xclipse 530"|"12 GB"|"256 GB"|"True"|"Type-C, USB OTG"|"5000"|"25 W"|"True"|"Fingerprint, Accelerometer, Gyroscope, Proximity, Compass"|"No"|"50"|"12, 5"|"True"|"3"|"32"|"No"|"True"|"No"|"4K@30fps, 1080p@30/60fps, 720p@480fps"|"Rp 5.699.000"
"77"|"Samsung"|"Android 2024"|"Galaxy A55"|"3G, 4G"|"Glass front, glass back, aluminum frame"|"2"|"Super AMOLED"|"6.6"|"2340 x 1080"|"Android 14, One UI 6"|"Exynos, 1480, Octa"|"Xclipse 530"|"8 GB"|"128 GB"|"True"|"Type-C, USB OTG"|"5000"|"25 W"|"True"|"Fingerprint, Accelerometer, Gyroscope, Proximity, Compass"|"No"|"50"|"12, 5"|"True"|"3"|"32"|"No"|"True"|"No"|"4K@30fps, 1080p@30/60fps, 720p@480fps"|"Rp 5.449.000"
"78"|"Samsung"|"Android 2024"|"Galaxy A35"|"3G, 4G, 5G"|"Glass front (Gorilla Glass Victus), plastic frame, glass back"|"2"|"Super AMOLED"|"6.6"|"2340 x 1080"|"Android 14, One UI 6"|"Exynos, 1380, Octa"|"Mali-G68 MP5"|"8 GB"|"256 GB"|"True"|"Type-C, USB OTG"|"5000"|"25 W"|"True"|"Fingerprint, Accelerometer, Gyroscope, Proximity, Compass"|"No"|"50"|"8, 5"|"True"|"3"|"13"|"No"|"True"|"No"|"4K@30fps, 1080p@30/60fps, gyro-EIS"|"Rp 4.231.000"
"79"|"Samsung"|"Android 2024"|"Galaxy A35"|"3G, 4G, 5G"|"Glass front (Gorilla Glass Victus), plastic frame, glass back"|"2"|"Super AMOLED"|"6.6"|"2340 x 1080"|"Android 14, One UI 6.1"|"Exynos, 1380, Octa"|"Mali-G68 MP5"|"8 GB"|"128 GB"|"True"|"Type-C, USB OTG"|"5000"|"25 W"|"True"|"Fingerprint, Accelerometer, Gyroscope, Proximity, Compass"|"No"|"50"|"8, 5"|"True"|"3"|"13"|"No"|"True"|"No"|"4K@30fps, 1080p@30/60fps, gyro-EIS"|"Rp 4.398.000"
"81"|"Samsung"|"Android 2024"|"Galaxy S24"|"3G, 4G, 5G"|"Glass front (Gorilla Glass Victus 2), glass back (Gorilla Glass Victus 2), aluminum frame"|"2"|"Dynamic LTPO AMOLED 2X"|"6.2"|"2340 x 1080"|"Android 14, One UI 6.1"|"Exynos, 2400, Deca"|"Xclipse 940"|"8 GB"|"512 GB"|"True"|"Type-C, USB OTG"|"4000"|"25 W"|"True"|"Fingerprint, Accelerometer, Gyroscope, Proximity, Compass, Barometer"|"No"|"50"|"10, 12"|"True"|"3"|"12"|"No"|"True"|"No"|"8K@24/30fps, 4K@30/60fps, 1080p@30/60/240fps, 1080p@960fps, HDR10+, stereo sound rec., gyro-EIS"|"Rp 12.199.000"
"82"|"Samsung"|"Android 2024"|"Galaxy S24"|"3G, 4G, 5G"|"Glass front (Gorilla Glass Victus 2), glass back (Gorilla Glass Victus 2), aluminum frame"|"2"|"Dynamic LTPO AMOLED 2X"|"6.2"|"2340 x 1080"|"Android 14, One UI 6.1"|"Exynos, 2400, Deca"|"Xclipse 940"|"8 GB"|"256 GB"|"True"|"Type-C, USB OTG"|"4000"|"25 W"|"True"|"Fingerprint, Accelerometer, Gyroscope, Proximity, Compass, Barometer"|"No"|"50"|"10, 12"|"True"|"3"|"12"|"No"|"True"|"No"|"8K@24/30fps, 4K@30/60fps, 1080p@30/60/240fps, 1080p@960fps, HDR10+, stereo sound rec., gyro-EIS"|"Rp 11.400.000"
"83"|"Samsung"|"Android 2024"|"Galaxy S24 Plus"|"3G, 4G, 5G"|"Glass front (Gorilla Glass Victus 2), glass back (Gorilla Glass Victus 2), aluminum frame"|"2"|"Dynamic LTPO AMOLED 2X"|"6.7"|"3120 x 1440"|"Android 14, One UI 6.1"|"Exynos, 2400, Deca"|"Xclipse 940"|"12 GB"|"256 GB"|"True"|"Type-C, USB OTG"|"4900"|"45 W"|"True"|"Fingerprint, Accelerometer, Gyroscope, Proximity, Compass, Barometer"|"No"|"50"|"10, 12"|"True"|"3"|"12"|"No"|"True"|"No"|"8K@24/30fps, 4K@30/60/120fps, 1080p@30/60/240fps, 1080p@960fps, HDR10+, stereo sound rec., gyro-EIS"|"Rp 13.899.000"
"84"|"Samsung"|"Android 2024"|"Galaxy S24 Plus"|"3G, 4G, 5G"|"Glass front (Gorilla Glass Victus 2), glass back (Gorilla Glass Victus 2), aluminum frame"|"2"|"Dynamic LTPO AMOLED 2X"|"6.7"|"3120 x 1440"|"Android 14, One UI 6.1"|"Exynos, 2400, Deca"|"Xclipse 940"|"12 GB"|"512 GB"|"True"|"Type-C, USB OTG"|"4900"|"45 W"|"True"|"Fingerprint, Accelerometer, Gyroscope, Proximity, Compass, Barometer"|"No"|"50"|"10, 12"|"True"|"3"|"12"|"No"|"True"|"No"|"8K@24/30fps, 4K@30/60/120fps, 1080p@30/60/240fps, 1080p@960fps, HDR10+, stereo sound rec., gyro-EIS"|"Rp 15.990.000"
"85"|"Samsung"|"Android 2024"|"Galaxy S24 Ultra"|"3G, 4G, 5G"|"Glass front (Gorilla Glass Armor), glass back (Gorilla Glass), titanium frame"|"2"|"Dynamic LTPO AMOLED 2X"|"6.8"|"3120 x 1440"|"Android 14, One UI 6.1"|"Qualcomm, Snapdragon 8 Gen 3, Octa"|"Adreno 750"|"12 GB"|"256 GB"|"True"|"Type-C, USB OTG"|"5000"|"45 W"|"True"|"Fingerprint, Accelerometer, Gyroscope, Proximity, Compass, Barometer"|"No"|"200"|"50, 10, 12"|"True"|"4"|"12"|"No"|"True"|"No"|"8K@24/30fps, 4K@30/60/120fps, 1080p@30/60/240fps, 1080p@960fps, HDR10+, stereo sound rec., gyro-EIS"|"Rp 17.219.000"
"86"|"Samsung"|"Android 2024"|"Galaxy S24 Ultra"|"3G, 4G, 5G"|"Glass front (Gorilla Glass Armor), glass back (Gorilla Glass), titanium frame"|"2"|"Dynamic LTPO AMOLED 2X"|"6.8"|"3120 x 1440"|"Android 14, One UI 6.1"|"Qualcomm, Snapdragon 8 Gen 3, Octa"|"Adreno 750"|"12 GB"|"512 GB"|"True"|"Type-C, USB OTG"|"5000"|"45 W"|"True"|"Fingerprint, Accelerometer, Gyroscope, Proximity, Compass, Barometer"|"No"|"200"|"50, 10, 12"|"True"|"4"|"12"|"No"|"True"|"No"|"8K@24/30fps, 4K@30/60/120fps, 1080p@30/60/240fps, 1080p@960fps, HDR10+, stereo sound rec., gyro-EIS"|"Rp 18.905.000"
"87"|"Samsung"|"Android 2024"|"Galaxy S24 Ultra"|"3G, 4G, 5G"|"Glass front (Gorilla Glass Armor), glass back (Gorilla Glass), titanium frame"|"2"|"Dynamic LTPO AMOLED 2X"|"6.8"|"3120 x 1440"|"Android 14, One UI 6.1"|"Qualcomm, Snapdragon 8 Gen 3, Octa"|"Adreno 750"|"12 GB"|"1024 GB"|"True"|"Type-C, USB OTG"|"5000"|"45 W"|"True"|"Fingerprint, Accelerometer, Gyroscope, Proximity, Compass, Barometer"|"No"|"200"|"50, 10, 12"|"True"|"4"|"12"|"No"|"True"|"No"|"8K@24/30fps, 4K@30/60/120fps, 1080p@30/60/240fps, 1080p@960fps, HDR10+, stereo sound rec., gyro-EIS"|"Rp 19.789.000"
"88"|"Samsung"|"Android 2024"|"Galaxy A25 5G"|"5G, 3G, 4G"|"Glass front, plastic frame, plastic back"|"2"|"Super AMOLED"|"6.5"|"2340 x 1080"|"Android 14, One UI 6"|"Exynos, 1280, Octa"|"Mali-G68"|"8 GB"|"128 GB"|"True"|"Type-C"|"5000"|"25 W"|"No"|"Proximity, Fingerprint, Accelerometer, Gyroscope, Compass"|"True"|"50"|"8, 2"|"True"|"3"|"13"|"No"|"True"|"No"|"4K@30fps, 1080p@30fps, gyro-EIS"|"Rp 3.296.000"
"89"|"Samsung"|"Android 2024"|"Galaxy A25 5G"|"3G, 4G, 5G"|"Glass front, plastic frame, plastic back"|"2"|"Super AMOLED"|"6.5"|"2340 x 1080"|"Andorid 14, One UI 6"|"Exynos, 1280, Octa"|"Mali-G68"|"8 GB"|"256 GB"|"True"|"Type-C"|"5000"|"25 W"|"No"|"Fingerprint, Accelerometer, Gyroscope, Proximity, Compass"|"True"|"50"|"8, 2"|"True"|"3"|"13"|"No"|"True"|"No"|"4K@30fps, 1080p@30fps, gyro-EIS"|"Rp 3.607.000"
"90"|"Xiaomi"|"Android 2024"|"14T Pro"|"3G, 4G, 5G"|"Glass front, aluminum frame"|"2"|"AMOLED"|"6.67"|"2712 x 1220"|"Android 14, HyperOS"|"MediaTek, Dimensity 9300 Plus, Octa"|"Immortalis-G720 MC12"|"12 GB"|"512 GB"|"True"|"Type-C"|"5000"|"120 W"|"True"|"Fingerprint, Accelerometer, Gyroscope, Proximity, Compass, Face ID"|"No"|"50"|"50, 12"|"True"|"3"|"32"|"No"|"True"|"No"|"8K@24/30fps, 4K@24/30/60fps, 1080p@30/60/120/240/960fps, gyro-EIS, 10-bit Rec. 2020, HDR10+"|"Rp 8.505.875"
"91"|"Xiaomi"|"Android 2024"|"14T"|"3G, 4G, 5G"|"Glass front, aluminum frame"|"2"|"AMOLED"|"6.67"|"2712 x 1220"|"Android 14, HyperOS"|"MediaTek, Dimensity 8300 Ultra, Octa"|"Arm Mali-G615 MC6"|"12 GB"|"256 GB"|"True"|"Type-C"|"5000"|"67 W"|"True"|"Face ID, Fingerprint, Accelerometer, Gyroscope, Proximity, Compass"|"No"|"50"|"50, 12"|"True"|"3"|"32"|"No"|"True"|"No"|"4K@24/30/60fps, 1080p@30/60/120/240/960fps, gyro-EIS, 10-bit Rec. 2020, HDR10+"|"Rp 6.095.000"
"92"|"Xiaomi"|"Android 2024"|"14T Pro"|"3G, 4G, 5G"|"Glass front, aluminum frame"|"2"|"AMOLED"|"6.67"|"2712 x 1220"|"Android 14, HyperOS"|"MediaTek, Dimensity 9300 Plus, Octa"|"Immortalis-G720 MC12"|"12 GB"|"256 GB"|"True"|"Type-C"|"5000"|"120 W"|"True"|"Face ID, Fingerprint, Accelerometer, Gyroscope, Proximity, Compass"|"No"|"50"|"50, 12"|"True"|"3"|"32"|"No"|"True"|"No"|"8K@24/30fps, 4K@24/30/60fps, 1080p@30/60/120/240/960fps, gyro-EIS, 10-bit Rec. 2020, HDR10+"|"Rp 8.159.040"
"93"|"Xiaomi"|"Android 2024"|"14T"|"3G, 4G, 5G"|"Glass front, aluminum frame"|"2"|"AMOLED"|"6.67"|"2712 x 1220"|"Android 14, HyperOS"|"MediaTek, Dimensity 8300 Ultra, Octa"|"Arm Mali-G615 MC6"|"12 GB"|"512 GB"|"True"|"Type-C"|"5000"|"67 W"|"True"|"Fingerprint, Accelerometer, Gyroscope, Proximity, Compass, Face ID"|"No"|"50"|"50, 12"|"True"|"3"|"32"|"No"|"True"|"No"|"4K@24/30/60fps, 1080p@30/60/120/240/960fps, gyro-EIS, 10-bit Rec. 2020, HDR10+"|"Rp 6.449.280"
"94"|"Xiaomi"|"Android 2024"|"Redmi 14C"|"3G, 4G"|"Glass front, plastic frame, glass back or silicone polymer (eco leather) back"|"2"|"IPS LCD"|"6.88"|"1640 x 720"|"Android 14, HyperOS"|"MediaTek, Helio G81 Ultra, Octa"|"Mali-G52 MC2"|"6 GB"|"128 GB"|"True"|"Type-C"|"5160"|"18 W"|"No"|"Fingerprint, Accelerometer, Proximity, Compass"|"True"|"50"|"2"|"True"|"2"|"13"|"No"|"True"|"No"|"1080p@30fps"|"Rp 1.425.000"
"95"|"Xiaomi"|"Android 2024"|"Redmi 14C"|"3G, 4G"|"Glass front, plastic frame, glass back or silicone polymer (eco leather) back"|"2"|"IPS LCD"|"6.88"|"1640 x 720"|"Android 14, HyperOS"|"MediaTek, Helio G81 Ultra, Octa"|"Mali-G52 MC2"|"8 GB"|"256 GB"|"True"|"Type-C"|"5160"|"18 W"|"No"|"Fingerprint, Accelerometer, Proximity, Compass"|"True"|"50"|"2"|"True"|"2"|"13"|"No"|"True"|"No"|"1080p@30fps"|"Rp 1.735.000"
"97"|"Xiaomi"|"Android 2024"|"Redmi 13"|"3G, 4G"|"Glass front, plastic frame, glass back"|"2"|"IPS LCD"|"6.79"|"2460 x 1080"|"Android 14, HyperOS"|"MediaTek, Helio G91 Ultra, Octa"|"Mali-G52 MC2"|"8 GB"|"128 GB"|"True"|"Type-C"|"5030"|"33 W"|"True"|"Fingerprint, Accelerometer, Proximity, Compass"|"True"|"108"|"2"|"True"|"2"|"13"|"No"|"True"|"No"|"1080p@30fps"|"Rp 1.714.800"
"98"|"Xiaomi"|"Android 2024"|"Redmi 13"|"3G, 4G"|"Glass front, plastic frame, glass back"|"2"|"IPS LCD"|"6.79"|"2460 x 1080"|"Android 14, HyperOS"|"MediaTek, Helio G91 Ultra, Octa"|"Mali-G52 MC2"|"8 GB"|"256 GB"|"True"|"Type-C"|"5030"|"33 W"|"True"|"Fingerprint, Accelerometer, Proximity, Compass"|"True"|"108"|"2"|"True"|"2"|"13"|"No"|"True"|"No"|"1080p@30fps"|"Rp 1.720.000"
"99"|"Xiaomi"|"Android 2024"|"Redmi Note 13 Pro+ 5G"|"3G, 4G, 5G"|"Glass front (Gorilla Glass Victus), aluminum frame"|"2"|"OLED"|"6.67"|"2712 x 1220"|"Android 13, MIUI 14"|"MediaTek, Dimensity 7200 Ultra, Octa"|"Mali-G610 MC4"|"12 GB"|"512 GB"|"True"|"Type-C"|"5000"|"120 W"|"True"|"Fingerprint, Accelerometer, Gyroscope, Proximity, Compass"|"No"|"200"|"8, 2"|"True"|"3"|"16"|"No"|"True"|"True"|"4K@24/30fps, 1080p@30/60/120fps"|"Rp 5.320.000"
"100"|"Xiaomi"|"Android 2024"|"Redmi Note 13 Pro"|"3G, 4G"|"Glass front (Gorilla Glass 5), plastic frame, plastic back"|"2"|"AMOLED"|"6.67"|"2400 x 1080"|"Android 13, MIUI 14"|"MediaTek, Helio G99 Ultra, Octa"|"Mali-G57 MC2"|"8 GB"|"256 GB"|"True"|"Type-C, USB OTG"|"5000"|"67 W"|"True"|"Fingerprint, Accelerometer, Gyroscope, Proximity, Compass"|"True"|"200"|"8, 2"|"True"|"3"|"16"|"No"|"True"|"No"|"1080p@30/60fps"|"Rp 2.450.000"
"101"|"Xiaomi"|"Android 2024"|"Redmi A3"|"3G, 4G"|"Glass front (Gorilla Glass 3), glass back or silicone polymer back (eco leather), plastic frame"|"2"|"IPS LCD"|"6.71"|"1650 x 720"|"Android 14, None"|"MediaTek, Helio G36, Octa"|"PowerVR GE8320"|"4 GB"|"128 GB"|"No"|"Type-C"|"5000"|"10 W"|"No"|"Fingerprint, Accelerometer"|"True"|"8"|"0.08"|"No"|"1"|"5"|"No"|"True"|"No"|"1080p@30fps"|"Rp 1.120.000"
"106"|"Xiaomi"|"Android 2024"|"Redmi Note 13 Pro 5G"|"3G, 4G, 5G"|"Glass front (Gorilla Glass Victus), plastic frame, glass back"|"2"|"AMOLED"|"6.67"|"2712 x 1220"|"Android 13, MIUI 14"|"Qualcomm, Snapdragon 7s Gen 2, Octa"|"Adreno 710"|"8 GB"|"256 GB"|"True"|"USB OTG, Type-C"|"5100"|"67 W"|"True"|"Fingerprint, Accelerometer, Gyroscope, Proximity, Compass"|"True"|"200"|"8, 2"|"True"|"3"|"16"|"No"|"True"|"True"|"4K@30fps, 1080p@30/60/120fps"|"Rp 3.837.000"
"107"|"Xiaomi"|"Android 2024"|"Redmi Note 13 Pro 5G"|"3G, 4G, 5G"|"Glass front (Gorilla Glass Victus), plastic frame, glass back"|"2"|"AMOLED"|"6.67"|"2712 x 1220"|"Android 13, MIUI 14"|"Qualcomm, Snapdragon 7s Gen 2, Octa"|"Adreno 710"|"12 GB"|"512 GB"|"True"|"Type-C, USB OTG"|"5100"|"67 W"|"True"|"Fingerprint, Accelerometer, Gyroscope, Proximity, Compass"|"True"|"200"|"8, 2"|"True"|"3"|"16"|"No"|"True"|"True"|"4K@30fps, 1080p@30/60/120fps"|"Rp 4.399.000"
"110"|"POCO"|"Android 2024"|"M6"|"3G, 4G"|"Glass front, plastic frame"|"2"|"IPS LCD"|"6.79"|"2460 x 1080"|"Android 14, HyperOS"|"MediaTek, Helio G91 Ultra, Octa"|"Mali-G52 MC2"|"8 GB"|"256 GB"|"True"|"Type-C"|"5030"|"33 W"|"No"|"Fingerprint, Accelerometer, Proximity, Compass"|"True"|"108"|"2"|"True"|"2"|"13"|"No"|"True"|"No"|"1080p@30fps"|"Rp 1.820.000"
"111"|"POCO"|"Android 2024"|"F6"|"3G, 4G, 5G"|"Glass front (Gorilla Glass Victus), plastic frame, plastic back"|"2"|"AMOLED"|"6.67"|"2712 x 1220"|"Android 14, HyperOS"|"Qualcomm, Snapdragon 8s Gen 3, Octa"|"Adreno 735"|"8 GB"|"256 GB"|"True"|"Type-C, USB OTG"|"5000"|"90 W"|"True"|"Proximity, Fingerprint, Accelerometer, Gyroscope, Compass"|"No"|"50"|"8"|"True"|"2"|"20"|"No"|"True"|"No"|"4K@30/60fps, 1080p@30/60/120/240fps, gyro-EIS"|"Rp 4.695.000"
"112"|"POCO"|"Android 2024"|"F6"|"3G, 4G, 5G"|"Glass front (Gorilla Glass Victus), plastic frame, plastic back"|"2"|"AMOLED"|"6.67"|"2712 x 1220"|"Android 14, HyperOS"|"Qualcomm, Snapdragon 8s Gen 3, Octa"|"Adreno 735"|"12 GB"|"512 GB"|"True"|"Type-C, USB OTG"|"5000"|"90 W"|"True"|"Proximity, Fingerprint, Accelerometer, Gyroscope, Compass"|"No"|"50"|"8"|"True"|"2"|"20"|"No"|"True"|"No"|"4K@30/60fps, 1080p@30/60/120/240fps, gyro-EIS"|"Rp 4.814.100"
"114"|"POCO"|"Android 2024"|"X6 Pro 5G"|"3G, 4G, 5G"|"Glass front (Gorilla Glass 5), plastic back or silicone polymer back (eco leather)"|"2"|"AMOLED"|"6.67"|"2712 × 1220"|"Android 14, Xiaomi HyperOS"|"MediaTek, Dimensity 8300 Ultra, Octa"|"Mali-G615"|"12 GB"|"512 GB"|"True"|"USB OTG, Type-C"|"5000"|"67 W"|"True"|"Fingerprint, Accelerometer, Gyroscope, Proximity, Compass"|"No"|"64"|"8, 2"|"True"|"3"|"16"|"No"|"True"|"No"|"4K@24/30fps, 1080p@30/60fps, gyro-EIS"|"Rp 3.999.000"
"115"|"POCO"|"Android 2024"|"X6 5G"|"3G, 4G, 5G"|"Glass front (Gorilla Glass Victus), plastic frame, plastic back"|"2"|"AMOLED"|"6.67"|"2712 × 1220"|"Android 13, MIUI 14"|"Qualcomm, Snapdragon® 7s Gen 2, Octa"|"Adreno"|"12 GB"|"256 GB"|"True"|"Type-C"|"5100"|"67 W"|"True"|"Fingerprint, Accelerometer, Gyroscope, Proximity, Compass, Face ID"|"True"|"64"|"8, 2"|"True"|"3"|"16"|"No"|"True"|"No"|"4K 3840 × 2160"|"Rp 3.479.000"
"120"|"Realme"|"Android 2024"|"C61"|"3G, 4G"|"Glass front, plastic frame, plastic back"|"2"|"IPS LCD"|"6.74"|"1600 x 720"|"Android 14, Realme UI"|"Unisoc, Tiger T612, Octa"|"Mali-G57"|"8 GB"|"128 GB"|"No"|"Type-C"|"5000"|"48 W"|"True"|"Fingerprint, Accelerometer, Gyroscope, Proximity, Compass"|"True"|"50"|"0.08"|"True"|"2"|"5"|"No"|"True"|"No"|"1080p@30fps"|"Rp 1.552.320"
"121"|"Realme"|"Android 2024"|"13 Pro+ 5G"|"3G, 4G, 5G"|"Glass front (Gorilla Glass 7i), plastic frame, glass back"|"2"|"AMOLED"|"6.7"|"2412 x 1080"|"Android 14, Realme UI 5.0"|"Qualcomm, Snapdragon 7s Gen 2, Octa"|"Adreno 710"|"12 GB"|"512 GB"|"True"|"Type-C"|"5200"|"80 W"|"True"|"Fingerprint, Accelerometer, Gyroscope, Proximity, Compass"|"No"|"50"|"50, 8"|"True"|"3"|"32"|"No"|"True"|"No"|"4K@30fps, 1080p@30/60/120fps, gyro-EIS"|"Rp 5.999.000"
"122"|"Realme"|"Android 2024"|"13 Pro+ 5G"|"3G, 4G, 5G"|"Glass front (Gorilla Glass 7i), plastic frame, glass back"|"2"|"AMOLED"|"6.7"|"2412 x 1080"|"Android 14, Realme UI 5.0"|"Qualcomm, Snapdragon 7s Gen 2, Octa"|"Adreno 710"|"8 GB"|"256 GB"|"True"|"Type-C"|"5200"|"80 W"|"True"|"Fingerprint, Accelerometer, Gyroscope, Proximity, Compass"|"No"|"50"|"50, 8"|"True"|"3"|"32"|"No"|"True"|"No"|"4K@30fps, 1080p@30/60/120fps, gyro-EIS"|"Rp 5.979.080"
"129"|"Realme"|"Android 2024"|"GT 6"|"3G, 4G, 5G"|"Glass front (Gorilla Glass Victus 2), plastic frame, plastic back"|"2"|"LTPO AMOLED"|"6.78"|"2780 x 1264"|"Android 14, Realme UI 5.0"|"Qualcomm, Snapdragon 8s Gen 3, Octa"|"Adreno 735"|"12 GB"|"256 GB"|"True"|"Type-C"|"5500"|"120 W"|"True"|"Fingerprint, Accelerometer, Gyroscope, Proximity, Compass"|"No"|"50"|"50, 8"|"True"|"3"|"32"|"No"|"True"|"True"|"4K@30/60fps, 1080p@30/60/120fps"|"Rp 7.689.000"
"135"|"Realme"|"Android 2024"|"C51s"|"3G, 4G"|"Glass front, plastic frame, plastic back"|"2"|"IPS LCD"|"6.7"|"1600 x 720"|"Android 13, Realme UI T"|"Unisoc, Tiger T612, Octa"|"Mali-G57"|"6 GB"|"128 GB"|"No"|"Type-C, USB OTG"|"5000"|"33 W"|"No"|"Fingerprint, Accelerometer, Gyroscope, Proximity, Compass"|"True"|"50"|"0.3"|"True"|"2"|"5"|"No"|"True"|"No"|"1080p@30fps"|"Rp 1.469.000"
"136"|"Realme"|"Android 2024"|"12+ 5G"|"3G, 4G, 5G"|"Glass front, silicone polymer back (eco leather), plastic frame"|"2"|"AMOLED"|"6.7"|"2400 x 1080"|"Android 14, Realme UI 5.0"|"MediaTek, Dimensity 7050, Octa"|"Mali-G68 MC4"|"8 GB"|"256 GB"|"True"|"Type-C"|"5000"|"67 W"|"True"|"Fingerprint, Accelerometer, Gyroscope, Proximity, Compass"|"No"|"50"|"8, 2"|"True"|"3"|"16"|"No"|"True"|"No"|"4K@30fps, 1080p@30/60/120fps, gyro-EIS"|"Rp 3.549.000"
"137"|"Realme"|"Android 2024"|"12+ 5G"|"3G, 4G, 5G"|"Glass front, silicone polymer back (eco leather), plastic frame"|"2"|"AMOLED"|"6.7"|"2400 x 1080"|"Android 14, Realme UI 5.0"|"MediaTek, Dimensity 7050, Octa"|"Mali-G68 MC4"|"12 GB"|"512 GB"|"True"|"Type-C"|"5000"|"67 W"|"True"|"Fingerprint, Accelerometer, Gyroscope, Proximity, Compass"|"No"|"50"|"8, 2"|"True"|"3"|"16"|"No"|"True"|"No"|"4K@30fps, 1080p@30/60/120fps, gyro-EIS"|"Rp 3.849.000"
"140"|"Realme"|"Android 2024"|"Note 50"|"3G, 4G"|"Glass front, plastic frame, plastic back"|"2"|"IPS LCD"|"6.74"|"1600 x 720"|"Android 13, Realme UI T"|"Unisoc, Tiger T612, Octa"|"Mali-G57"|"4 GB"|"64 GB"|"No"|"Type-C"|"5000"|"10 W"|"True"|"Fingerprint, Accelerometer, Proximity, Compass"|"True"|"13"|"0.08"|"True"|"2"|"5"|"No"|"True"|"No"|"1080p@30fps"|"Rp 1.222.000"
"141"|"Realme"|"Android 2024"|"Note 50"|"3G, 4G"|"Glass front, plastic frame, plastic back"|"2"|"IPS LCD"|"6.74"|"1600 x 720"|"Android 13, Realme UI T"|"Unisoc, Tiger T612, Octa"|"Mali-G57"|"4 GB"|"128 GB"|"No"|"Type-C"|"5000"|"10 W"|"True"|"Fingerprint, Accelerometer, Proximity, Compass"|"True"|"13"|"0.08"|"True"|"2"|"5"|"No"|"True"|"No"|"1080p@30fps"|"Rp 1.238.000"
"142"|"Realme"|"Android 2024"|"Note 50"|"3G, 4G"|"Glass front, plastic frame, plastic back"|"2"|"IPS LCD"|"6.74"|"1600 x 720"|"Android 13, Realme UI T"|"Unisoc, Tiger T612, Octa"|"Mali-G57"|"3 GB"|"64 GB"|"No"|"Type-C"|"5000"|"10 W"|"True"|"Fingerprint, Accelerometer, Proximity, Compass"|"True"|"13"|"0.08"|"True"|"2"|"5"|"No"|"True"|"No"|"1080p@30fps"|"Rp 1.149.000"
"145"|"Infinix"|"Android 2024"|"Hot 50 Pro+ 4G"|"3G, 4G"|"Glass front, plastic back, plastic frame"|"2"|"AMOLED"|""|"2436 x 1080"|"Android 14, XOS 14.5"|"MediaTek, Helio G100, Octa"|"Mali-G57 MC2"|"8 GB"|"256 GB"|"True"|"Type-C, USB OTG"|"5000"|"33 W"|"True"|"Fingerprint, Accelerometer, Gyroscope, Proximity, Compass"|"True"|"50"|"2"|"True"|"3"|"13"|"No"|"True"|"No"|"1440p@30fps, 1080p@30/60fps"|"Rp 2.351.020"
"159"|"Infinix"|"Android 2024"|"Smart 8 Pro"|"3G, 4G"|"Glass front, plastic back, plastic frame"|"2"|"IPS LCD"|"6.6"|"1612 x 720"|"Android 13, XOS 13"|"MediaTek, Helio G36, Octa"|"PowerVR GE8320"|"8 GB"|"128 GB"|"No"|"Type-C, USB OTG"|"5000"|"10 W"|"No"|"Fingerprint, Accelerometer, Gyroscope, Proximity, Compass"|"True"|"50"|"0.08"|"True"|"1"|"8"|"No"|"True"|"No"|"1080p@30fps"|"Rp 1.270.000"
"160"|"Infinix"|"Android 2024"|"Smart 8 Pro"|"3G, 4G"|"Glass front, plastic back, plastic frame"|"2"|"IPS LCD"|"6.6"|"1612 x 720"|"Android 13, XOS 13"|"MediaTek, Helio G36, Octa"|"PowerVR GE8320"|"4 GB"|"256 GB"|"No"|"Type-C, USB OTG"|"5000"|"10 W"|"No"|"Fingerprint, Accelerometer, Gyroscope, Proximity, Compass"|"True"|"50"|"0.08"|"True"|"1"|"8"|"No"|"True"|"No"|"1080p@30fps"|"Rp 1.199.000"
"161"|"Infinix"|"Android 2024"|"Smart 8 Plus"|"3G, 4G"|"Glass front, plastic back, plastic frame"|"2"|"IPS LCD"|"6.6"|"1612 x 720"|"Android 13, XOS 13"|"MediaTek, Helio G36, Octa"|"PowerVR GE8320"|"4 GB"|"128 GB"|"No"|"Type-C, USB OTG"|"6000"|"18 W"|"No"|"Fingerprint, Accelerometer, Proximity, Compass"|"True"|"50"|"0.08"|"True"|"2"|"8"|"No"|"True"|"No"|"1080p@30fps"|"Rp 1.182.000"
"170"|"itel"|"Android 2024"|"RS4"|"3G, 4G"|"Glass front, plastic frame, glass back"|"2"|"IPS LCD"|"6.6"|"1612 x 720"|"Android 13, Itel OS 13.5"|"MediaTek, Helio G99 Ultimate, Octa"|"Mali-G52 MC2"|"8 GB"|"256 GB"|"True"|"Type-C"|"5000"|"45 W"|"No"|"Fingerprint, Accelerometer, Proximity, Compass"|"True"|"50"|"0.3"|"True"|"2"|"8"|"No"|"True"|"No"|"2K@30fps"|"Rp 1.649.000"
"171"|"itel"|"Android 2024"|"RS4"|"3G, 4G"|"Glass front, plastic frame, glass back"|"2"|"IPS LCD"|"6.6"|"1612 x 720"|"Android 13, Itel OS 13.5"|"MediaTek, Helio G99 Ultimate, Octa"|"Mali-G57 MC2"|"12 GB"|"256 GB"|"True"|"Type-C"|"5000"|"45 W"|"No"|"Fingerprint, Accelerometer, Proximity, Compass"|"True"|"50"|"0.3"|"True"|"2"|"8"|"No"|"True"|"No"|"2K@30fps"|"Rp 1.821.000"
"172"|"itel"|"Android 2024"|"RS4"|"3G, 4G"|"Glass front, plastic frame, glass back"|"2"|"IPS LCD"|"6.6"|"1612 x 720"|"Android 13, Itel OS 13.5"|"MediaTek, Helio G99 Ultimate, Octa"|"Mali-G57 MC2"|"8 GB"|"128 GB"|"True"|"Type-C"|"5000"|"45 W"|"No"|"Fingerprint, Accelerometer, Proximity, Compass"|"True"|"50"|"0.3"|"True"|"2"|"8"|"No"|"True"|"No"|"2K@30fps"|"Rp 1.549.900"
"180"|"Tecno"|"Android 2024"|"Spark 20 Pro"|"3G, 4G"|"Glass front, plastic back, plastic frame"|"2"|"IPS LCD"|"6.78"|"2460 x 1080"|"Android 13, HiOS"|"MediaTek, Helio G99 Ultra Boost, Octa"|"Mali-G57 MC2"|"8 GB"|"256 GB"|"True"|"Type-C"|"5000"|"33 W"|"True"|"Fingerprint, Accelerometer, Proximity, Compass"|"True"|"108"|"2"|"True"|"2"|"32"|"No"|"True"|"True"|"1440p@30fps, 1080p@30fps"|"Rp 1.715.000"
"183"|"Tecno"|"Android 2024"|"Spark 20 Pro+"|"3G, 4G"|"Glass front, plastic back, plastic frame"|"2"|"AMOLED"|"6.78"|"2436 x 1080"|"Android 14, Android 14"|"MediaTek, Helio G99 Ultimate, Octa"|"Mali-G57 MC2"|"8 GB"|"256 GB"|"True"|"Type-C"|"5000"|"33 W"|"True"|"Fingerprint, Accelerometer, Gyroscope, Proximity, Compass"|"No"|"108"|"0.08"|"True"|"2"|"32"|"No"|"True"|"True"|"1440p@30fps, 1080p@30fps"|"Rp 2.195.000"
"184"|"Tecno"|"Android 2024"|"Spark 20"|"3G, 4G"|"Glass front, plastic back, plastic frame"|"2"|"IPS LCD"|"6.6"|"1612 x 720"|"Android 13, Android 13"|"MediaTek, Helio G85, Octa"|"Mali-G52 MC2"|"8 GB"|"256 GB"|"No"|"Type-C, USB OTG"|"5000"|"18 W"|"No"|"Fingerprint, Accelerometer, Proximity, Compass"|"True"|"50"|"0.08"|"True"|"2"|"32"|"No"|"True"|"True"|"1440p@30fps, 1080p@30fps"|"Rp 1.599.000"
"185"|"Tecno"|"Android 2024"|"Spark 20"|"3G, 4G"|"Glass front, plastic back, plastic frame"|"2"|"IPS LCD"|"6.6"|"1612 x 720"|"Android 13, Android 13"|"MediaTek, Helio G85, Octa"|"Mali-G52 MC2"|"8 GB"|"128 GB"|"No"|"Type-C, USB OTG"|"5000"|"18 W"|"No"|"Fingerprint, Accelerometer, Proximity, Compass"|"True"|"50"|"0.08"|"True"|"2"|"32"|"No"|"True"|"True"|"1440p@30fps, 1080p@30fps"|"Rp 1.315.100"
"186"|"iQOO"|"Android 2024"|"13"|"3G, 4G, 5G"|"Glass front, aluminum frame, glass back"|"2"|"AMOLED"|"6.82"|"3168 x 1440"|"Android 15, Funtouch 15"|"Qualcomm, Snapdragon 8 Elite, Octa"|"Adreno 830"|"12 GB"|"256 GB"|"True"|"Type-C, USB OTG"|"6150"|"120 W"|"True"|"Fingerprint, Accelerometer, Gyroscope, Proximity, Compass, Color spectrum"|"No"|"50"|"50, 50"|"True"|"3"|"32"|"No"|"True"|"True"|"8K@30fps, 4K@24/30/60fps, 1080p@30/60/120/240fps, gyro-EIS"|"Rp 9.999.000"
"187"|"iQOO"|"Android 2024"|"13"|"3G, 4G, 5G"|"Glass front, aluminum frame, glass back"|"2"|"AMOLED"|"6.82"|"3168 x 1440"|"Android 15, Funtouch OS 15"|"Qualcomm, Snapdragon 8 Elite, Octa"|"Adreno 830"|"16 GB"|"512 GB"|"True"|"Type-C, USB OTG"|"6150"|"120 W"|"True"|"Fingerprint, Accelerometer, Gyroscope, Proximity, Compass, Color spectrum"|"No"|"50"|"50, 50"|"True"|"3"|"32"|"No"|"True"|"True"|"8K@30fps, 4K@24/30/60fps, 1080p@30/60/120/240fps, gyro-EIS"|"Rp 11.999.000"
"188"|"iQOO"|"Android 2024"|"Z9"|"3G, 4G, 5G"|"Glass front"|"2"|"AMOLED"|"6.78"|"2800 x 1260"|"Android 14, Funtouch OS 14"|"Qualcomm, Snapdragon 7 Gen 3, Octa"|"Adreno 720"|"12 GB"|"256 GB"|"True"|"Type-C, USB OTG"|"6000"|"44 W"|"True"|"Fingerprint, Accelerometer, Gyroscope, Proximity, Compass"|"No"|"50"|"2"|"True"|"2"|"16"|"No"|"True"|"True"|"4K@30fps, 1080p@30/60fps, gyro-EIS"|"Rp 4.565.000"
"190"|"iQOO"|"Android 2024"|"Z9"|"3G, 4G, 5G"|"Glass front"|"2"|"AMOLED"|"6.78"|"2800 x 1260"|"Android 14, Funtouch OS 14"|"Qualcomm, Snapdragon 7 Gen 3, Octa"|"Adreno 720"|"8 GB"|"128 GB"|"True"|"Type-C, USB OTG"|"6000"|"44 W"|"True"|"Fingerprint, Accelerometer, Gyroscope, Proximity, Compass"|"No"|"50"|"2"|"True"|"2"|"16"|"No"|"True"|"True"|"4K@30fps, 1080p@30/60fps, gyro-EIS"|"Rp 3.899.000"
"191"|"iQOO"|"Android 2024"|"Z9"|"3G, 4G, 5G"|"Glass front"|"2"|"AMOLED"|"6.78"|"2800 x 1260"|"Android 14, Funtouch OS 14"|"Qualcomm, Snapdragon 7 Gen 3, Octa"|"Adreno 720"|"8 GB"|"256 GB"|"True"|"Type-C, USB OTG"|"6000"|"44 W"|"True"|"Fingerprint, Accelerometer, Gyroscope, Proximity, Compass"|"No"|"50"|"2"|"True"|"2"|"16"|"No"|"True"|"True"|"4K@30fps, 1080p@30/60fps, gyro-EIS"|"Rp 4.199.000"
"194"|"ASUS"|"Android 2024"|"Zenfone 11 Ultra"|"3G, 4G, 5G"|"Glass front (Gorilla Glass Victus 2), aluminum frame, glass back"|"2"|"LTPO OLED"|"6.78"|"2400 x 1080"|"Android 14, None"|"Qualcomm, Snapdragon 8 Gen 3, Octa"|"Adreno 750"|"12 GB"|"256 GB"|"True"|"Type-C"|"5500"|"65 W"|"True"|"Fingerprint, Accelerometer, Gyroscope, Proximity, Compass"|"True"|"50"|"32, 13"|"True"|"3"|"32"|"No"|"True"|"No"|"8K@24fps, 4K@30/60fps, 1080p@30/60/120/240fps, 720p@480fps; gyro-EIS, HDR10+"|"Rp 9.293.000"
"195"|"ASUS"|"Android 2024"|"Zenfone 11 Ultra"|"3G, 4G, 5G"|"Glass front (Gorilla Glass Victus 2), aluminum frame, glass back"|"2"|"LTPO OLED"|"6.78"|"2400 x 1080"|"Android 14, None"|"Qualcomm, Snapdragon 8 Gen 3, Octa"|"Adreno 750"|"16 GB"|"512 GB"|"True"|"Type-C"|"5500"|"65 W"|"True"|"Fingerprint, Accelerometer, Gyroscope, Proximity, Compass"|"True"|"50"|"32, 13"|"True"|"3"|"32"|"No"|"True"|"No"|"8K@24fps, 4K@30/60fps, 1080p@30/60/120/240fps, 720p@480fps; gyro-EIS, HDR10+"|"Rp 13.528.000"
"196"|"ASUS"|"Android 2024"|"ROG Phone 8"|"3G, 4G, 5G"|"Glass front (Gorilla Glass Victus 2), glass back (Gorilla Glass), aluminum frame"|"2"|"LTPO AMOLED"|"6.78"|"2400 x 1080"|"Android 14, ROG UI"|"Qualcomm, Snapdragon 8 Gen 3, Octa"|"Adreno 750"|"12 GB"|"256 GB"|"True"|"Type-C, USB OTG"|"5500"|"65 W"|"True"|"Fingerprint, Accelerometer, Gyroscope, Proximity, Compass"|"True"|"50"|"32, 13"|"True"|"3"|"32"|"No"|"True"|"No"|"8K@24fps, 4K@30/60fps, 1080p@30/60/120/240fps, 720p@480fps; gyro-EIS, HDR10+"|"Rp 10.200.000"
"197"|"ASUS"|"Android 2024"|"ROG Phone 8 Pro Edition"|"3G, 4G, 5G"|"Glass front (Gorilla Glass Victus 2), glass back (Gorilla Glass), aluminum frame"|"2"|"LTPO AMOLED"|"6.78"|"2400 x 1080"|"Android 14, ROG UI"|"Qualcomm, Snapdragon 8 Gen 3, Octa"|"Adreno 750"|"24 GB"|"1024 GB"|"True"|"Type-C, USB OTG"|"5500"|"65 W"|"True"|"Fingerprint, Accelerometer, Gyroscope, Proximity, Compass"|"True"|"50"|"32, 13"|"True"|"3"|"32"|"No"|"True"|"No"|"8K@24fps, 4K@30/60fps, 1080p@30/60/120/240fps, 720p@480fps; gyro-EIS, HDR10+"|"Rp 2.599.000"
"198"|"ASUS"|"Android 2024"|"ROG Phone 8 Pro"|"3G, 4G, 5G"|"Glass front (Gorilla Glass Victus 2), glass back (Gorilla Glass), aluminum frame"|"2"|"LTPO AMOLED"|"6.78"|"2400 x 1080"|"Android 14, ROG UI"|"Qualcomm, Snapdragon 8 Gen 3, Octa"|"Adreno 750"|"16 GB"|"512 GB"|"True"|"Type-C, USB OTG"|"5500"|"65 W"|"True"|"Fingerprint, Accelerometer, Gyroscope, Proximity, Compass"|"True"|"50"|"32, 13"|"True"|"3"|"32"|"No"|"True"|"No"|"8K@24fps, 4K@30/60fps, 1080p@30/60/120/240fps, 720p@480fps; gyro-EIS, HDR10+"|"Rp 15.799.000"
